{
  "Ansi 7 Color (Light)" : {
    "Red Component" : 0.67450980392156867,
    "Color Space" : "sRGB",
    "Blue Component" : 0.74509803921568629,
    "Alpha Component" : 1,
    "Green Component" : 0.69019607843137254
  },
  "Ansi 15 Color (Light)" : {
    "Red Component" : 0.73725490196078436,
    "Color Space" : "sRGB",
    "Blue Component" : 0.80000000000000004,
    "Alpha Component" : 1,
    "Green Component" : 0.75294117647058822
  },
  "Ansi 2 Color (Light)" : {
    "Red Component" : 0.25098039215686274,
    "Color Space" : "sRGB",
    "Blue Component" : 0.16862745098039217,
    "Alpha Component" : 1,
    "Green Component" : 0.62745098039215685
  },
  "Bold Color" : {
    "Green Component" : 0.91671288013458252,
    "Red Component" : 0.91654461622238159,
    "Blue Component" : 0.91648769378662109
  },
  "Ansi 1 Color (Dark)" : {
    "Red Component" : 0.95294117647058818,
    "Color Space" : "sRGB",
    "Blue Component" : 0.6588235294117647,
    "Alpha Component" : 1,
    "Green Component" : 0.54509803921568623
  },
  "Use Bright Bold" : true,
  "Ansi 9 Color (Light)" : {
    "Red Component" : 0.82352941176470584,
    "Color Space" : "sRGB",
    "Blue Component" : 0.22352941176470589,
    "Alpha Component" : 1,
    "Green Component" : 0.058823529411764705
  },
  "Ansi 8 Color (Dark)" : {
    "Red Component" : 0.34509803921568627,
    "Color Space" : "sRGB",
    "Blue Component" : 0.4392156862745098,
    "Alpha Component" : 1,
    "Green Component" : 0.35686274509803922
  },
  "Background Color" : {
    "Green Component" : 0.14745020866394043,
    "Red Component" : 0.11278382688760757,
    "Blue Component" : 0.16608485579490662
  },
  "Mouse Reporting allow mouse wheel" : true,
  "Ansi 8 Color" : {
    "Green Component" : 0.69167852401733398,
    "Red Component" : 0.63061976432800293,
    "Blue Component" : 0.72321081161499023
  },
  "Columns" : 80,
  "Right Option Key Sends" : 0,
  "Ansi 4 Color (Light)" : {
    "Red Component" : 0.11764705882352941,
    "Color Space" : "sRGB",
    "Blue Component" : 0.96078431372549022,
    "Alpha Component" : 1,
    "Green Component" : 0.40000000000000002
  },
  "Blinking Cursor" : false,
  "Selected Text Color (Light)" : {
    "Red Component" : 0.29803921568627451,
    "Color Space" : "sRGB",
    "Blue Component" : 0.41176470588235292,
    "Alpha Component" : 1,
    "Green Component" : 0.30980392156862746
  },
  "Mouse Reporting allow clicks and drags" : true,
  "Selected Text Color (Dark)" : {
    "Red Component" : 0.80392156862745101,
    "Color Space" : "sRGB",
    "Blue Component" : 0.95686274509803926,
    "Alpha Component" : 1,
    "Green Component" : 0.83921568627450982
  },
  "Ansi 3 Color (Dark)" : {
    "Red Component" : 0.97647058823529409,
    "Color Space" : "sRGB",
    "Blue Component" : 0.68627450980392157,
    "Alpha Component" : 1,
    "Green Component" : 0.88627450980392153
  },
  "Keyboard Map" : {
    "0xf739-0x0" : {
      "Text" : "",
      "Action" : 13
    },
    "0xf703-0x300000" : {
      "Text" : "0x5",
      "Action" : 11
    },
    "0xf702-0x280000" : {
      "Text" : "b",
      "Action" : 10
    },
    "0xf702-0x300000" : {
      "Text" : "0x1",
      "Action" : 11
    },
    "0xf703-0x280000" : {
      "Text" : "f",
      "Action" : 10
    }
  },
  "Visual Bell" : true,
  "Only The Default BG Color Uses Transparency" : true,
  "Cursor Text Color" : {
    "Green Component" : 0,
    "Red Component" : 0,
    "Blue Component" : 0
  },
  "Scrollback Lines" : 1000,
  "Selection Color (Light)" : {
    "Red Component" : 0.67450980392156867,
    "Color Space" : "sRGB",
    "Blue Component" : 0.74509803921568629,
    "Alpha Component" : 1,
    "Green Component" : 0.69019607843137254
  },
  "Ansi 0 Color" : {
    "Green Component" : 0.35616019368171692,
    "Red Component" : 0.26286587119102478,
    "Blue Component" : 0.40253299474716187
  },
  "Match Background Color (Dark)" : {
    "Red Component" : 0.99999994039535522,
    "Color Space" : "P3",
    "Blue Component" : 1,
    "Alpha Component" : 1,
    "Green Component" : 1
  },
  "Ansi 11 Color (Light)" : {
    "Red Component" : 0.87450980392156863,
    "Color Space" : "sRGB",
    "Blue Component" : 0.11372549019607843,
    "Alpha Component" : 1,
    "Green Component" : 0.55686274509803924
  },
  "Ansi 5 Color (Dark)" : {
    "Red Component" : 0.96078431372549022,
    "Color Space" : "sRGB",
    "Blue Component" : 0.90588235294117647,
    "Alpha Component" : 1,
    "Green Component" : 0.76078431372549016
  },
  "Cursor Text Color (Light)" : {
    "Red Component" : 0.93725490196078431,
    "Color Space" : "sRGB",
    "Blue Component" : 0.96078431372549022,
    "Alpha Component" : 1,
    "Green Component" : 0.94509803921568625
  },
  "Silence Bell" : false,
  "Rows" : 25,
  "Draw Powerline Glyphs" : true,
  "Guid" : "F78D5836-67FA-457D-820D-D1344C643DFC",
  "Ansi 14 Color (Dark)" : {
    "Red Component" : 0.58039215686274515,
    "Color Space" : "sRGB",
    "Blue Component" : 0.83529411764705885,
    "Alpha Component" : 1,
    "Green Component" : 0.88627450980392153
  },
  "Ansi 15 Color (Dark)" : {
    "Red Component" : 0.65098039215686276,
    "Color Space" : "sRGB",
    "Blue Component" : 0.78431372549019607,
    "Alpha Component" : 1,
    "Green Component" : 0.67843137254901964
  },
  "Ansi 0 Color (Dark)" : {
    "Red Component" : 0.27058823529411763,
    "Color Space" : "sRGB",
    "Blue Component" : 0.35294117647058826,
    "Alpha Component" : 1,
    "Green Component" : 0.27843137254901962
  },
  "Ambiguous Double Width" : false,
  "Option Key Sends" : 2,
  "Ansi 3 Color" : {
    "Green Component" : 0.81672251224517822,
    "Red Component" : 0.99627053737640381,
    "Blue Component" : 0.19727933406829834
  },
  "Window Type" : 0,
  "BM Growl" : true,
  "Prompt Before Closing 2" : false,
  "Command" : "",
  "Left Option Key Changeable" : true,
  "Selected Text Color" : {
    "Green Component" : 0.92142927646636963,
    "Red Component" : 0.90730977058410645,
    "Blue Component" : 0.93115901947021484
  },
  "Ansi 14 Color (Light)" : {
    "Red Component" : 0.090196078431372548,
    "Color Space" : "sRGB",
    "Blue Component" : 0.59999999999999998,
    "Alpha Component" : 1,
    "Green Component" : 0.5725490196078431
  },
  "Cursor Guide Color (Dark)" : {
    "Red Component" : 0.80392156862745101,
    "Color Space" : "sRGB",
    "Blue Component" : 0.95686274509803926,
    "Alpha Component" : 0.070000000000000007,
    "Green Component" : 0.83921568627450982
  },
  "ASCII Ligatures" : false,
  "Send Code When Idle" : false,
  "Ansi 6 Color" : {
    "Green Component" : 1,
    "Red Component" : 0.34860008955001831,
    "Blue Component" : 0.82062870264053345
  },
  "Jobs to Ignore" : [
    "rlogin",
    "ssh",
    "slogin",
    "telnet"
  ],
  "Badge Color (Dark)" : {
    "Red Component" : 0.92929404973983765,
    "Color Space" : "P3",
    "Blue Component" : 0.13960540294647217,
    "Alpha Component" : 0.5,
    "Green Component" : 0.25479039549827576
  },
  "Cursor Color" : {
    "Green Component" : 0.91671288013458252,
    "Red Component" : 0.91654461622238159,
    "Blue Component" : 0.91648769378662109
  },
  "Vertical Spacing" : 1,
  "Disable Window Resizing" : true,
  "Close Sessions On End" : true,
  "Selection Color (Dark)" : {
    "Red Component" : 0.34509803921568627,
    "Color Space" : "sRGB",
    "Blue Component" : 0.4392156862745098,
    "Alpha Component" : 1,
    "Green Component" : 0.35686274509803922
  },
  "Default Bookmark" : "No",
  "Foreground Color (Light)" : {
    "Red Component" : 0.29803921568627451,
    "Color Space" : "sRGB",
    "Blue Component" : 0.41176470588235292,
    "Alpha Component" : 1,
    "Green Component" : 0.30980392156862746
  },
  "Custom Command" : "No",
  "Background Color (Dark)" : {
    "Red Component" : 0.11764705882352941,
    "Color Space" : "sRGB",
    "Blue Component" : 0.1803921568627451,
    "Alpha Component" : 1,
    "Green Component" : 0.11764705882352941
  },